,Index,Baseline,Advanced
1,1,2,2
2,2,12,6
3,3,8,8
4,4,20,2
5,5,7,18
6,6,2,2
7,7,8,8
8,8,10,10
9,9,17,18
10,10,20,9
11,11,20,20
12,12,2,9
13,13,8,8
14,14,2,2
15,15,19,21
16,16,8,8
17,17,14,14
18,18,18,18
19,19,18,14
20,20,12,13
21,21,10,10
22,22,22,7
23,23,14,14
24,24,8,8
25,25,3,3
26,26,17,18
27,27,21,21
28,28,7,20
29,29,9,19
30,30,17,18
31,31,12,22
32,32,3,12
33,33,22,22
34,34,4,13
35,35,19,19
36,36,11,11
37,37,16,3
38,38,7,7
39,39,17,18
40,40,8,20
41,41,5,20
42,42,4,4
43,43,10,10
44,44,12,12
45,45,14,14
46,46,15,14
47,47,6,6
48,48,8,8
49,49,7,7
50,50,14,20
51,51,14,14
52,52,18,18
53,53,18,21
54,54,21,21
55,55,9,9
56,56,7,12
57,57,3,1
58,58,18,17
59,59,22,22
60,60,4,4
61,61,19,19
62,62,4,16
63,63,15,15
64,64,10,13
65,65,5,5
66,66,12,13
67,67,9,19
68,68,2,9
69,69,9,21
70,70,15,15
71,71,17,18
72,72,13,4
73,73,3,3
74,74,16,16
75,75,10,3
76,76,8,8
77,77,15,15
78,78,7,19
79,79,3,3
80,80,21,14
81,81,13,13
82,82,20,22
83,83,12,12
84,84,2,7
85,85,10,10
86,86,14,15
87,87,19,19
88,88,21,10
89,89,7,7
90,90,5,15
91,91,2,2
92,92,4,4
93,93,16,13
94,94,19,1
95,95,12,12
96,96,1,22
97,97,19,21
98,98,4,4
99,99,6,9
100,100,7,7
101,101,10,16
102,102,12,12
103,103,22,14
104,104,14,14
105,105,5,5
106,106,21,2
107,107,1,1
108,108,9,9
109,109,4,4
110,110,11,12
111,111,10,6
112,112,19,20
113,113,4,4
114,114,3,6
115,115,15,20
116,116,5,5
117,117,8,8
118,118,7,5
119,119,19,17
120,120,10,10
121,121,10,10
122,122,7,17
123,123,8,2
124,124,9,9
125,125,8,8
126,126,21,12
127,127,2,21
128,128,6,11
129,129,14,15
130,130,21,21
131,131,6,6
132,132,8,8
133,133,9,9
134,134,8,18
135,135,16,3
136,136,9,9
137,137,19,19
138,138,6,10
139,139,16,16
140,140,11,11
141,141,17,18
142,142,11,11
143,143,14,14
144,144,22,12
145,145,10,12
146,146,6,6
147,147,1,6
148,148,13,4
149,149,1,16
150,150,18,17
151,151,6,11
152,152,12,4
153,153,13,4
154,154,4,4
155,155,14,14
156,156,7,18
157,157,1,1
158,158,19,14
159,159,16,16
160,160,10,10
161,161,20,20
162,162,9,20
163,163,1,1
164,164,19,15
165,165,17,20
166,166,4,3
167,167,13,13
168,168,8,8
169,169,12,13
170,170,7,15
171,171,13,10
172,172,11,11
173,173,16,1
174,174,14,14
175,175,7,20
176,176,21,12
177,177,15,15
178,178,1,1
179,179,15,17
180,180,18,18
181,181,22,19
182,182,10,13
183,183,14,14
184,184,5,5
185,185,17,17
186,186,14,14
187,187,20,19
188,188,4,4
189,189,12,11
190,190,16,1
191,191,18,18
192,192,19,14
193,193,1,3
194,194,10,12
195,195,16,16
196,196,2,2
197,197,17,18
198,198,7,21
199,199,15,14
200,200,6,10
201,201,22,22
202,202,2,7
203,203,8,8
204,204,9,9
205,205,3,3
206,206,10,10
207,207,18,18
208,208,1,1
209,209,1,1
210,210,5,17
211,211,11,11
212,212,22,10
213,213,4,4
214,214,16,16
215,215,9,9
216,216,17,20
217,217,2,2
218,218,7,18
219,219,1,1
220,220,1,1
221,221,8,20
222,222,16,1
223,223,1,3
224,224,12,11
225,225,10,4
226,226,8,7
227,227,4,10
228,228,4,4
229,229,14,14
230,230,16,16
231,231,6,6
232,232,2,9
233,233,12,12
234,234,12,12
235,235,7,18
236,236,12,11
237,237,21,13
238,238,7,19
239,239,13,12
240,240,7,5
241,241,8,8
242,242,6,16
243,243,13,12
244,244,6,6
245,245,9,6
246,246,5,7
247,247,14,14
248,248,21,21
249,249,13,13
250,250,2,2
251,251,8,2
252,252,6,11
253,253,17,5
254,254,20,21
255,255,8,17
256,256,1,1
257,257,15,15
258,258,17,18
259,259,19,19
260,260,7,7
261,261,21,21
262,262,17,1
263,263,3,6
264,264,21,10
265,265,21,11
266,266,22,6
267,267,18,18
268,268,5,5
269,269,17,8
270,270,2,9
271,271,12,12
272,272,3,22
273,273,19,19
274,274,5,18
275,275,21,14
276,276,9,9
277,277,9,2
278,278,10,11
279,279,22,22
280,280,12,13
281,281,18,18
282,282,18,17
283,283,13,4
284,284,6,4
285,285,5,5
286,286,13,12
287,287,1,1
288,288,13,3
289,289,3,3
290,290,14,14
291,291,7,7
292,292,14,15
293,293,8,8
294,294,21,21
295,295,15,14
296,296,19,19
297,297,5,5
298,298,3,3
299,299,17,17
300,300,15,15
301,301,3,3
302,302,14,14
303,303,17,17
304,304,6,3
305,305,17,20
306,306,14,14
307,307,17,7
308,308,1,3
309,309,22,22
310,310,17,18
311,311,17,5
312,312,2,8
313,313,7,1
314,314,2,2
315,315,9,2
316,316,2,8
317,317,9,9
318,318,2,12
319,319,16,16
320,320,20,20
321,321,16,16
322,322,11,11
323,323,10,10
324,324,15,15
325,325,10,21
326,326,5,5
327,327,16,16
328,328,1,1
329,329,16,16
330,330,8,8
331,331,17,8
332,332,1,3
333,333,14,14
334,334,9,9
335,335,7,20
336,336,14,14
337,337,9,9
338,338,18,5
339,339,3,3
340,340,20,22
341,341,18,8
342,342,21,6
343,343,11,11
344,344,12,12
345,345,5,5
346,346,21,19
347,347,12,4
348,348,2,9
349,349,1,3
350,350,16,16
351,351,10,1
352,352,7,7
353,353,1,1
354,354,15,15
355,355,15,14
356,356,19,17
357,357,21,20
358,358,12,11
359,359,20,5
360,360,20,22
361,361,12,6
362,362,18,18
363,363,17,7
364,364,3,3
365,365,6,4
366,366,21,4
367,367,14,14
368,368,7,21
369,369,10,4
370,370,16,16
371,371,6,6
372,372,4,4
373,373,9,9
374,374,1,1
375,375,8,8
376,376,17,8
377,377,1,13
378,378,4,4
379,379,10,1
380,380,13,13
381,381,6,6
382,382,4,13
383,383,8,21
384,384,9,9
385,385,10,10
386,386,3,3
387,387,15,15
388,388,19,18
389,389,16,16
390,390,5,5
391,391,5,17
392,392,6,4
393,393,19,22
394,394,21,2
395,395,16,16
396,396,15,15
397,397,4,4
398,398,8,8
399,399,21,21
400,400,1,1
401,401,10,10
402,402,4,4
403,403,9,9
404,404,1,1
405,405,2,2
406,406,14,14
407,407,14,14
408,408,2,2
409,409,13,4
410,410,5,5
411,411,19,9
412,412,5,18
413,413,1,1
414,414,19,19
415,415,18,3
416,416,9,9
417,417,3,10
418,418,5,5
419,419,19,15
420,420,1,1
421,421,10,4
422,422,12,12
423,423,2,21
424,424,7,7
425,425,1,1
426,426,8,8
427,427,6,6
428,428,5,14
429,429,22,22
430,430,6,6
431,431,3,3
432,432,14,14
433,433,6,13
434,434,8,8
435,435,10,4
436,436,17,5
437,437,9,2
438,438,16,16
439,439,3,3
440,440,12,10
441,441,14,14
442,442,14,14
443,443,12,13
444,444,15,14
445,445,9,9
446,446,1,1
447,447,1,1
448,448,7,17
449,449,3,3
450,450,7,5
451,451,22,7
452,452,9,9
453,453,12,6
454,454,9,21
455,455,11,12
456,456,14,14
457,457,19,19
458,458,7,20
459,459,3,6
460,460,18,17
461,461,22,19
462,462,7,7
463,463,1,1
464,464,20,17
465,465,14,14
466,466,1,1
467,467,21,6
468,468,4,4
469,469,9,8
470,470,11,11
471,471,17,21
472,472,8,8
473,473,8,8
474,474,11,11
475,475,17,8
476,476,5,5
477,477,19,19
478,478,2,2
479,479,5,5
480,480,17,17
481,481,9,9
482,482,7,5
483,483,16,16
484,484,21,15
485,485,14,14
486,486,13,13
487,487,16,1
488,488,12,22
489,489,9,8
490,490,5,20
491,491,1,3
492,492,6,12
493,493,18,1
494,494,5,5
495,495,3,1
496,496,11,13
497,497,17,17
498,498,5,5
499,499,3,3
500,500,17,17
501,501,9,9
502,502,14,14
503,503,12,12
504,504,15,15
505,505,19,19
506,506,1,19
507,507,6,12
508,508,3,12
509,509,19,20
510,510,17,17
511,511,12,3
512,512,1,1
513,513,7,7
514,514,21,12
515,515,2,2
516,516,7,7
517,517,9,9
518,518,13,4
519,519,7,7
520,520,6,6
521,521,19,19
522,522,17,17
523,523,16,6
524,524,15,15
525,525,10,10
526,526,17,21
527,527,17,18
528,528,10,1
529,529,22,11
530,530,7,22
531,531,21,19
532,532,5,5
533,533,9,8
534,534,4,16
535,535,4,3
536,536,14,19
537,537,3,3
538,538,12,13
539,539,9,2
540,540,4,4
541,541,14,14
542,542,2,2
543,543,8,8
544,544,14,14
545,545,14,14
546,546,3,22
547,547,21,21
548,548,4,4
549,549,3,11
550,550,14,21
551,551,4,13
552,552,3,13
553,553,9,21
554,554,8,2
555,555,10,16
556,556,19,22
557,557,12,4
558,558,8,8
559,559,9,9
560,560,14,21
561,561,15,7
562,562,12,13
563,563,16,16
564,564,20,22
565,565,14,14
566,566,14,14
567,567,21,22
568,568,7,7
569,569,11,20
570,570,16,3
571,571,10,10
572,572,20,17
573,573,1,1
574,574,7,17
575,575,19,7
576,576,4,1
577,577,22,22
578,578,14,15
579,579,14,14
580,580,3,13
581,581,19,19
582,582,4,4
583,583,21,20
584,584,9,9
585,585,4,4
586,586,7,7
587,587,3,3
588,588,9,9
589,589,3,10
590,590,20,20
591,591,14,14
592,592,10,12
593,593,3,3
594,594,18,18
595,595,15,15
596,596,13,11
597,597,14,7
598,598,15,15
599,599,21,20
600,600,20,18
601,601,19,7
602,602,4,13
603,603,13,12
604,604,8,8
605,605,1,22
606,606,17,7
607,607,13,13
608,608,2,2
609,609,5,5
610,610,20,7
611,611,2,21
612,612,11,11
613,613,11,13
614,614,13,4
615,615,7,6
616,616,5,5
617,617,19,22
618,618,4,4
619,619,8,8
620,620,17,7
621,621,16,22
622,622,8,8
623,623,4,4
624,624,8,9
625,625,10,10
626,626,6,6
627,627,12,12
628,628,11,11
629,629,2,2
630,630,16,19
631,631,2,9
632,632,19,16
633,633,14,14
634,634,15,5
635,635,18,17
636,636,11,12
637,637,18,17
638,638,11,11
639,639,11,9
640,640,1,12
641,641,13,12
642,642,17,17
643,643,16,1
644,644,2,2
645,645,13,4
646,646,21,21
647,647,10,10
648,648,11,12
649,649,13,13
650,650,11,11
651,651,18,18
652,652,20,21
653,653,14,14
654,654,7,7
655,655,19,7
656,656,1,1
657,657,12,13
658,658,9,9
659,659,16,16
660,660,3,3
661,661,18,18
662,662,9,9
663,663,17,7
664,664,11,4
665,665,1,13
666,666,7,7
667,667,11,6
668,668,13,4
669,669,6,9
670,670,6,6
671,671,13,21
672,672,19,19
673,673,6,6
674,674,13,11
675,675,18,18
676,676,6,3
677,677,1,19
678,678,2,20
679,679,3,22
680,680,21,21
681,681,8,8
682,682,2,9
683,683,19,22
684,684,2,2
685,685,15,15
686,686,3,1
687,687,5,5
688,688,19,19
689,689,19,17
690,690,1,1
691,691,3,10
692,692,14,20
693,693,19,15
694,694,12,12
695,695,17,21
696,696,11,16
697,697,22,22
698,698,6,12
699,699,13,12
700,700,11,12
701,701,18,3
702,702,11,11
703,703,3,10
704,704,7,18
705,705,21,15
706,706,20,7
707,707,20,5
708,708,14,14
709,709,22,3
710,710,21,19
711,711,3,4
712,712,21,21
713,713,4,4
714,714,17,17
715,715,9,6
716,716,20,20
717,717,10,4
718,718,22,22
719,719,10,13
720,720,22,19
721,721,20,20
722,722,21,21
723,723,21,21
724,724,2,2
725,725,2,2
726,726,4,22
727,727,21,21
728,728,8,8
729,729,13,4
730,730,21,21
731,731,19,18
732,732,17,17
733,733,3,10
734,734,4,13
735,735,6,6
736,736,10,21
737,737,10,10
738,738,3,3
739,739,19,19
740,740,1,1
741,741,16,7
742,742,16,16
743,743,16,3
744,744,7,15
745,745,6,6
746,746,12,12
747,747,18,18
748,748,4,4
749,749,2,21
750,750,18,17
751,751,1,1
752,752,22,22
753,753,11,4
754,754,3,3
755,755,16,16
756,756,12,12
757,757,6,6
758,758,8,17
759,759,2,2
760,760,13,12
761,761,4,13
762,762,21,21
763,763,9,9
764,764,13,3
765,765,16,1
766,766,18,17
767,767,18,17
768,768,4,13
769,769,12,12
770,770,2,2
771,771,8,8
772,772,15,15
773,773,14,14
774,774,2,9
775,775,17,7
776,776,22,22
777,777,5,5
778,778,17,17
779,779,2,2
780,780,1,1
781,781,1,1
782,782,16,16
783,783,17,15
784,784,6,13
785,785,1,1
786,786,18,18
787,787,22,22
788,788,8,8
789,789,14,17
790,790,14,21
791,791,5,15
792,792,17,18
793,793,21,19
794,794,19,19
795,795,2,2
796,796,14,14
797,797,17,18
798,798,12,11
799,799,2,2
800,800,9,2
801,801,19,9
802,802,9,2
803,803,8,17
804,804,17,18
805,805,16,16
806,806,1,18
807,807,9,9
808,808,9,9
809,809,21,21
810,810,17,20
811,811,13,3
812,812,16,16
813,813,21,21
814,814,21,21
815,815,1,4
816,816,2,2
817,817,4,13
818,818,16,16
819,819,3,1
820,820,20,22
821,821,16,16
822,822,20,20
823,823,10,13
824,824,2,9
825,825,1,11
826,826,8,8
827,827,8,8
828,828,12,12
829,829,21,21
830,830,6,12
831,831,14,15
832,832,9,9
833,833,21,22
834,834,3,10
835,835,11,11
836,836,10,10
837,837,16,16
838,838,9,2
839,839,18,18
840,840,11,13
841,841,7,5
842,842,11,13
843,843,4,12
844,844,9,9
845,845,10,13
846,846,7,7
847,847,16,6
848,848,18,18
849,849,19,1
850,850,20,19
851,851,4,4
852,852,21,21
853,853,10,1
854,854,18,16
855,855,13,12
856,856,3,10
857,857,15,14
858,858,16,16
859,859,20,17
860,860,8,9
861,861,7,16
862,862,8,8
863,863,10,11
864,864,12,12
865,865,1,1
866,866,17,17
867,867,7,16
868,868,17,7
869,869,17,18
870,870,7,7
871,871,10,12
872,872,9,20
873,873,17,18
874,874,16,16
875,875,9,20
876,876,14,14
877,877,3,16
878,878,19,22
879,879,4,22
880,880,19,19
881,881,1,18
882,882,7,1
883,883,12,13
884,884,6,6
885,885,19,22
886,886,13,11
887,887,3,3
888,888,10,10
889,889,3,3
890,890,17,1
891,891,21,4
892,892,16,16
893,893,6,6
894,894,17,17
895,895,20,20
896,896,21,20
897,897,14,21
898,898,7,3
899,899,17,17
900,900,19,19
901,901,9,9
902,902,5,19
903,903,17,17
904,904,19,3
905,905,16,16
906,906,15,19
907,907,17,17
908,908,6,6
909,909,19,19
910,910,12,12
911,911,5,14
912,912,14,14
913,913,16,16
914,914,11,6
915,915,7,21
916,916,2,8
917,917,13,13
918,918,22,22
919,919,13,13
920,920,15,13
921,921,14,14
922,922,4,3
923,923,16,19
924,924,2,2
925,925,2,2
926,926,10,13
927,927,13,13
928,928,9,2
929,929,10,10
930,930,12,11
931,931,9,9
932,932,16,16
933,933,19,5
934,934,16,16
935,935,21,21
936,936,14,21
937,937,15,15
938,938,9,9
939,939,5,5
940,940,6,4
941,941,21,20
942,942,16,16
943,943,9,9
944,944,14,14
945,945,1,1
946,946,12,11
947,947,2,2
948,948,7,7
949,949,10,4
950,950,3,12
951,951,1,1
952,952,2,2
953,953,1,1
954,954,17,17
955,955,5,8
956,956,9,2
957,957,20,15
958,958,2,2
959,959,12,13
960,960,16,16
961,961,7,5
962,962,7,7
963,963,14,14
964,964,15,5
965,965,2,2
966,966,9,9
967,967,20,20
968,968,19,19
969,969,20,21
970,970,1,16
971,971,4,4
972,972,2,2
973,973,3,13
974,974,18,17
975,975,10,11
976,976,16,16
977,977,1,13
978,978,5,5
979,979,15,21
980,980,9,2
981,981,1,13
982,982,12,4
983,983,22,13
984,984,1,1
985,985,12,12
986,986,9,9
987,987,21,2
988,988,8,8
989,989,4,10
990,990,16,16
991,991,1,1
992,992,20,18
993,993,21,12
994,994,7,7
995,995,6,6
996,996,1,1
997,997,1,13
998,998,14,15
999,999,21,21
1000,1000,10,10
1001,1001,21,13
1002,1002,2,2
1003,1003,10,4
1004,1004,3,3
1005,1005,22,22
1006,1006,4,13
1007,1007,21,14
1008,1008,3,3
1009,1009,15,15
1010,1010,2,2
1011,1011,13,13
1012,1012,14,14
1013,1013,9,9
1014,1014,16,16
1015,1015,3,10
1016,1016,18,7
1017,1017,13,10
1018,1018,19,17
1019,1019,10,11
1020,1020,9,11
1021,1021,14,14
1022,1022,2,2
1023,1023,8,8
1024,1024,21,21
1025,1025,15,15
1026,1026,14,14
1027,1027,16,16
1028,1028,20,22
1029,1029,2,8
1030,1030,6,6
1031,1031,5,5
1032,1032,3,3
1033,1033,14,14
1034,1034,5,5
1035,1035,1,16
1036,1036,5,5
1037,1037,6,6
1038,1038,20,7
1039,1039,22,22
1040,1040,7,20
1041,1041,21,21
1042,1042,3,3
1043,1043,7,7
1044,1044,21,21
1045,1045,2,2
1046,1046,4,4
1047,1047,16,16
1048,1048,20,17
1049,1049,20,5
1050,1050,5,18
1051,1051,11,11
1052,1052,4,4
1053,1053,3,3
1054,1054,3,1
1055,1055,7,5
1056,1056,5,5
1057,1057,1,1
1058,1058,14,14
1059,1059,5,5
1060,1060,16,18
1061,1061,21,21
1062,1062,17,17
1063,1063,4,11
1064,1064,17,18
1065,1065,12,12
1066,1066,4,4
1067,1067,17,17
1068,1068,16,16
1069,1069,19,19
1070,1070,5,15
1071,1071,13,13
1072,1072,19,19
1073,1073,1,1
1074,1074,10,1
1075,1075,16,20
1076,1076,16,1
1077,1077,9,2
1078,1078,10,3
1079,1079,21,21
1080,1080,2,2
1081,1081,6,6
1082,1082,16,11
1083,1083,15,15
1084,1084,2,8
1085,1085,4,11
1086,1086,7,7
1087,1087,7,21
1088,1088,19,19
1089,1089,22,13
1090,1090,11,11
1091,1091,19,17
1092,1092,6,6
1093,1093,9,22
1094,1094,4,4
1095,1095,15,7
1096,1096,9,9
1097,1097,17,17
1098,1098,15,21
1099,1099,5,17
1100,1100,3,3
1101,1101,8,8
1102,1102,4,4
1103,1103,3,3
1104,1104,20,20
1105,1105,15,14
1106,1106,16,16
1107,1107,3,12
1108,1108,6,6
1109,1109,13,13
1110,1110,12,3
1111,1111,2,2
1112,1112,9,9
1113,1113,22,4
1114,1114,17,18
1115,1115,17,21
1116,1116,16,16
1117,1117,17,17
1118,1118,13,13
1119,1119,2,2
1120,1120,2,2
1121,1121,12,12
1122,1122,20,17
1123,1123,22,20
1124,1124,17,18
1125,1125,5,5
1126,1126,20,20
1127,1127,6,10
1128,1128,3,3
1129,1129,21,22
1130,1130,2,2
1131,1131,1,1
1132,1132,19,3
1133,1133,10,10
1134,1134,10,4
1135,1135,1,13
1136,1136,1,1
1137,1137,7,18
1138,1138,3,3
1139,1139,4,6
1140,1140,21,21
1141,1141,13,12
1142,1142,2,1
1143,1143,2,2
1144,1144,14,14
1145,1145,7,19
1146,1146,7,18
1147,1147,7,20
1148,1148,4,11
1149,1149,21,21
1150,1150,12,12
1151,1151,4,10
1152,1152,10,10
1153,1153,2,9
1154,1154,3,10
1155,1155,2,2
1156,1156,10,9
1157,1157,7,7
1158,1158,21,6
1159,1159,13,22
1160,1160,13,13
1161,1161,22,21
1162,1162,7,21
1163,1163,2,2
1164,1164,14,5
1165,1165,1,3
1166,1166,20,22
1167,1167,6,11
1168,1168,7,17
1169,1169,19,15
1170,1170,10,10
1171,1171,17,18
1172,1172,20,21
1173,1173,5,17
1174,1174,17,14
1175,1175,6,6
1176,1176,9,9
1177,1177,10,10
1178,1178,11,4
1179,1179,19,7
1180,1180,21,19
1181,1181,18,15
1182,1182,1,1
1183,1183,11,11
1184,1184,18,18
1185,1185,12,13
1186,1186,11,13
1187,1187,14,14
1188,1188,6,11
1189,1189,20,20
1190,1190,9,9
1191,1191,7,7
1192,1192,8,5
1193,1193,6,1
1194,1194,16,16
1195,1195,11,11
1196,1196,3,3
1197,1197,3,3
1198,1198,19,19
1199,1199,7,7
1200,1200,7,20
1201,1201,6,15
1202,1202,1,1
1203,1203,20,7
1204,1204,10,4
1205,1205,7,5
1206,1206,20,21
1207,1207,2,2
1208,1208,3,1
1209,1209,8,2
1210,1210,2,21
1211,1211,20,17
1212,1212,6,16
1213,1213,3,10
1214,1214,18,18
1215,1215,16,16
1216,1216,11,13
1217,1217,14,14
1218,1218,4,4
1219,1219,12,12
1220,1220,17,5
1221,1221,20,14
1222,1222,17,7
1223,1223,17,17
1224,1224,2,2
1225,1225,9,12
1226,1226,3,3
1227,1227,17,18
1228,1228,15,15
1229,1229,21,21
1230,1230,8,19
1231,1231,11,4
1232,1232,7,7
1233,1233,9,9
1234,1234,18,18
1235,1235,5,5
1236,1236,17,20
1237,1237,22,3
1238,1238,4,6
1239,1239,20,16
1240,1240,3,4
1241,1241,1,1
1242,1242,20,20
1243,1243,21,6
1244,1244,14,15
1245,1245,1,1
1246,1246,8,7
1247,1247,6,6
1248,1248,16,16
1249,1249,10,3
1250,1250,17,17
1251,1251,19,19
1252,1252,8,8
1253,1253,4,4
1254,1254,7,7
1255,1255,4,10
1256,1256,3,3
1257,1257,8,8
1258,1258,3,13
1259,1259,16,3
1260,1260,18,17
1261,1261,12,12
1262,1262,17,17
1263,1263,20,15
1264,1264,8,8
1265,1265,9,9
1266,1266,20,15
1267,1267,5,17
1268,1268,13,10
1269,1269,3,3
1270,1270,14,14
1271,1271,13,11
1272,1272,6,6
1273,1273,7,7
1274,1274,18,8
1275,1275,2,9
1276,1276,16,16
1277,1277,17,17
1278,1278,3,3
1279,1279,7,6
1280,1280,22,1
1281,1281,21,15
1282,1282,4,4
1283,1283,21,22
1284,1284,7,7
1285,1285,14,14
1286,1286,3,1
1287,1287,4,4
1288,1288,8,8
1289,1289,17,20
1290,1290,1,1
1291,1291,18,15
1292,1292,9,9
1293,1293,8,8
1294,1294,9,9
1295,1295,19,19
1296,1296,16,1
1297,1297,7,7
1298,1298,6,6
1299,1299,13,12
1300,1300,20,20
1301,1301,1,13
1302,1302,13,13
1303,1303,18,5
1304,1304,16,16
1305,1305,6,6
1306,1306,20,20
1307,1307,14,14
1308,1308,1,3
1309,1309,7,5
1310,1310,12,12
1311,1311,9,9
1312,1312,2,2
1313,1313,14,13
1314,1314,3,3
1315,1315,18,3
1316,1316,1,1
1317,1317,14,15
1318,1318,6,6
1319,1319,4,12
1320,1320,9,7
1321,1321,19,7
1322,1322,12,6
1323,1323,12,12
1324,1324,10,7
1325,1325,4,11
1326,1326,5,5
1327,1327,5,14
1328,1328,4,10
1329,1329,13,19
1330,1330,2,2
1331,1331,20,5
1332,1332,12,6
1333,1333,19,19
1334,1334,10,10
1335,1335,8,8
1336,1336,19,15
1337,1337,19,22
1338,1338,5,7
1339,1339,22,17
1340,1340,10,11
1341,1341,20,14
1342,1342,20,20
1343,1343,19,19
1344,1344,12,12
1345,1345,20,21
1346,1346,1,3
1347,1347,21,21
1348,1348,5,15
1349,1349,19,19
1350,1350,1,1
1351,1351,21,21
1352,1352,4,11
1353,1353,7,17
1354,1354,16,6
1355,1355,22,21
1356,1356,18,17
1357,1357,11,13
1358,1358,15,5
1359,1359,18,17
1360,1360,13,4
1361,1361,8,20
1362,1362,13,10
1363,1363,17,18
1364,1364,6,12
1365,1365,6,6
1366,1366,1,3
1367,1367,3,3
1368,1368,14,20
1369,1369,21,15
1370,1370,2,2
1371,1371,16,16
1372,1372,7,7
1373,1373,5,5
1374,1374,14,21
1375,1375,5,11
1376,1376,12,12
1377,1377,17,17
1378,1378,3,3
1379,1379,13,4
1380,1380,20,20
1381,1381,21,11
1382,1382,8,2
1383,1383,5,5
1384,1384,21,12
1385,1385,19,19
1386,1386,6,6
1387,1387,2,2
1388,1388,3,10
1389,1389,10,1
1390,1390,19,19
1391,1391,1,3
1392,1392,9,2
1393,1393,18,18
1394,1394,17,17
1395,1395,17,17
1396,1396,14,17
1397,1397,19,17
1398,1398,8,20
1399,1399,15,15
1400,1400,18,18
1401,1401,7,14
1402,1402,4,4
1403,1403,9,2
1404,1404,8,8
1405,1405,20,2
1406,1406,6,1
1407,1407,13,16
1408,1408,10,4
1409,1409,8,8
1410,1410,16,3
1411,1411,9,9
1412,1412,12,12
1413,1413,9,9
1414,1414,13,12
1415,1415,18,5
1416,1416,21,2
1417,1417,14,14
1418,1418,4,4
1419,1419,1,1
1420,1420,21,20
1421,1421,17,7
1422,1422,8,8
1423,1423,6,3
1424,1424,10,10
1425,1425,20,20
1426,1426,8,8
1427,1427,18,18
1428,1428,11,11
1429,1429,2,2
1430,1430,16,16
1431,1431,22,22
1432,1432,7,15
1433,1433,12,6
1434,1434,16,3
1435,1435,19,19
1436,1436,15,15
1437,1437,7,7
1438,1438,17,17
1439,1439,5,17
1440,1440,13,13
1441,1441,5,5
1442,1442,17,17
1443,1443,1,13
1444,1444,2,2
1445,1445,19,20
1446,1446,18,18
1447,1447,7,7
1448,1448,9,9
1449,1449,16,11
1450,1450,21,14
1451,1451,12,6
1452,1452,7,7
1453,1453,8,8
1454,1454,12,10
1455,1455,19,22
1456,1456,14,21
1457,1457,3,1
1458,1458,5,15
1459,1459,13,12
1460,1460,12,12
1461,1461,20,21
1462,1462,22,20
1463,1463,19,19
1464,1464,17,17
1465,1465,14,14
1466,1466,6,4
1467,1467,16,16
1468,1468,2,2
1469,1469,3,3
1470,1470,22,22
1471,1471,19,7
1472,1472,9,9
1473,1473,8,7
1474,1474,11,11
1475,1475,11,11
1476,1476,14,14
1477,1477,12,22
1478,1478,6,6
1479,1479,21,13
1480,1480,3,1
1481,1481,17,20
1482,1482,9,9
1483,1483,4,4
1484,1484,14,15
1485,1485,21,21
1486,1486,13,11
1487,1487,14,15
1488,1488,16,6
1489,1489,6,6
1490,1490,3,1
1491,1491,11,12
1492,1492,9,2
1493,1493,16,16
1494,1494,12,6
1495,1495,1,10
1496,1496,6,11
1497,1497,14,15
1498,1498,18,17
1499,1499,5,15
1500,1500,15,15
1501,1501,8,8
1502,1502,8,8
1503,1503,6,12
1504,1504,3,3
1505,1505,19,19
1506,1506,1,22
1507,1507,22,3
1508,1508,16,16
1509,1509,8,17
1510,1510,21,20
1511,1511,6,6
1512,1512,12,12
1513,1513,3,3
1514,1514,19,19
1515,1515,6,11
1516,1516,14,15
1517,1517,1,1
1518,1518,10,4
1519,1519,8,18
1520,1520,15,14
1521,1521,1,3
1522,1522,13,21
1523,1523,1,10
1524,1524,6,12
1525,1525,17,17
1526,1526,3,3
1527,1527,10,4
1528,1528,10,10
1529,1529,18,18
1530,1530,12,12
1531,1531,9,9
1532,1532,2,2
1533,1533,5,5
1534,1534,19,19
1535,1535,10,13
1536,1536,21,13
1537,1537,5,14
1538,1538,15,5
1539,1539,8,20
1540,1540,11,11
1541,1541,6,15
1542,1542,8,8
1543,1543,11,11
1544,1544,20,20
1545,1545,15,15
1546,1546,13,4
1547,1547,3,3
1548,1548,4,12
1549,1549,7,7
1550,1550,18,18
1551,1551,17,17
1552,1552,14,14
1553,1553,19,19
1554,1554,19,21
1555,1555,14,14
1556,1556,7,18
1557,1557,14,14
1558,1558,19,19
1559,1559,5,5
1560,1560,13,11
1561,1561,22,11
1562,1562,3,16
1563,1563,4,4
1564,1564,18,18
1565,1565,10,3
1566,1566,3,3
1567,1567,17,16
1568,1568,17,17
1569,1569,13,16
1570,1570,8,8
1571,1571,9,9
1572,1572,21,19
1573,1573,14,14
1574,1574,19,19
1575,1575,5,20
1576,1576,14,14
1577,1577,10,13
1578,1578,8,8
1579,1579,18,18
1580,1580,18,5
1581,1581,15,15
1582,1582,17,17
1583,1583,6,6
1584,1584,1,1
1585,1585,15,15
1586,1586,4,6
1587,1587,22,19
1588,1588,6,3
1589,1589,21,21
1590,1590,15,15
1591,1591,1,1
1592,1592,6,6
1593,1593,19,19
1594,1594,4,4
1595,1595,15,18
1596,1596,5,8
1597,1597,14,14
1598,1598,19,22
1599,1599,1,1
1600,1600,15,15
1601,1601,17,17
1602,1602,4,4
1603,1603,3,1
1604,1604,7,7
1605,1605,1,1
1606,1606,14,15
1607,1607,1,1
1608,1608,1,1
1609,1609,11,14
1610,1610,20,20
1611,1611,5,5
1612,1612,2,2
1613,1613,1,11
1614,1614,9,9
1615,1615,15,18
1616,1616,4,11
1617,1617,8,8
1618,1618,1,3
1619,1619,21,20
1620,1620,1,13
1621,1621,14,14
1622,1622,14,19
1623,1623,13,2
1624,1624,3,3
1625,1625,11,13
1626,1626,8,17
1627,1627,8,8
1628,1628,12,13
1629,1629,18,5
1630,1630,9,2
1631,1631,15,19
1632,1632,14,19
1633,1633,1,3
1634,1634,21,21
1635,1635,1,1
1636,1636,2,2
1637,1637,21,21
1638,1638,18,7
1639,1639,17,17
1640,1640,12,12
1641,1641,17,20
1642,1642,3,3
1643,1643,1,6
1644,1644,22,6
1645,1645,14,21
1646,1646,1,1
1647,1647,2,2
1648,1648,7,19
1649,1649,2,2
1650,1650,12,13
1651,1651,2,2
1652,1652,20,20
1653,1653,10,10
1654,1654,21,21
1655,1655,8,8
1656,1656,6,6
1657,1657,5,17
1658,1658,17,7
1659,1659,18,18
1660,1660,12,13
1661,1661,1,1
1662,1662,6,6
1663,1663,4,10
1664,1664,7,7
1665,1665,22,10
1666,1666,14,14
1667,1667,15,14
1668,1668,18,17
1669,1669,10,10
1670,1670,20,2
1671,1671,7,7
1672,1672,15,14
1673,1673,3,3
1674,1674,9,10
1675,1675,4,4
1676,1676,14,14
1677,1677,1,16
1678,1678,15,5
1679,1679,16,16
1680,1680,11,12
1681,1681,5,5
1682,1682,22,3
1683,1683,9,22
1684,1684,16,11
1685,1685,19,19
1686,1686,21,14
1687,1687,4,4
1688,1688,10,6
1689,1689,18,18
1690,1690,19,19
1691,1691,15,14
1692,1692,14,14
1693,1693,1,1
1694,1694,6,6
1695,1695,7,7
1696,1696,16,16
1697,1697,7,7
1698,1698,10,10
1699,1699,22,22
1700,1700,16,16
1701,1701,14,15
1702,1702,7,21
1703,1703,2,2
1704,1704,1,3
1705,1705,21,21
1706,1706,14,21
1707,1707,5,17
1708,1708,14,14
1709,1709,20,20
1710,1710,6,6
1711,1711,7,7
1712,1712,22,22
1713,1713,15,15
1714,1714,14,14
1715,1715,9,9
1716,1716,17,18
1717,1717,2,2
1718,1718,11,12
1719,1719,13,11
1720,1720,22,22
1721,1721,7,8
1722,1722,7,5
1723,1723,7,7
1724,1724,19,7
1725,1725,3,3
1726,1726,15,5
1727,1727,10,21
1728,1728,13,12
1729,1729,15,14
1730,1730,1,19
1731,1731,18,17
1732,1732,15,21
1733,1733,13,12
1734,1734,4,4
1735,1735,12,6
1736,1736,10,11
1737,1737,17,20
1738,1738,4,4
1739,1739,6,6
1740,1740,8,8
1741,1741,20,20
1742,1742,1,1
1743,1743,9,9
1744,1744,6,4
1745,1745,19,14
1746,1746,5,5
1747,1747,14,14
1748,1748,3,3
1749,1749,1,1
1750,1750,21,19
1751,1751,12,11
1752,1752,11,11
1753,1753,17,8
1754,1754,13,12
1755,1755,3,22
1756,1756,21,2
1757,1757,19,19
1758,1758,14,5
1759,1759,3,10
1760,1760,18,18
1761,1761,7,7
1762,1762,15,14
1763,1763,11,4
1764,1764,11,11
1765,1765,9,9
1766,1766,14,14
1767,1767,3,10
1768,1768,1,1
1769,1769,1,1
1770,1770,21,15
1771,1771,17,8
1772,1772,3,1
1773,1773,6,10
1774,1774,22,12
1775,1775,2,2
1776,1776,4,4
1777,1777,9,9
1778,1778,8,8
1779,1779,9,9
1780,1780,1,3
1781,1781,10,10
1782,1782,16,11
1783,1783,9,2
1784,1784,21,14
1785,1785,4,4
1786,1786,17,17
1787,1787,14,14
1788,1788,21,13
1789,1789,15,5
1790,1790,21,19
1791,1791,1,1
1792,1792,4,4
1793,1793,16,3
1794,1794,5,5
1795,1795,14,14
1796,1796,15,14
1797,1797,1,3
1798,1798,19,19
1799,1799,6,6
1800,1800,6,6
1801,1801,12,13
1802,1802,20,19
1803,1803,21,21
1804,1804,11,22
1805,1805,21,5
1806,1806,18,5
1807,1807,15,15
1808,1808,14,14
1809,1809,15,15
1810,1810,16,16
1811,1811,6,11
1812,1812,4,6
1813,1813,3,3
1814,1814,17,17
1815,1815,13,11
1816,1816,14,14
1817,1817,2,2
1818,1818,5,19
1819,1819,9,9
1820,1820,17,17
1821,1821,15,14
1822,1822,1,1
1823,1823,18,18
1824,1824,10,10
1825,1825,1,3
1826,1826,13,10
1827,1827,3,3
1828,1828,7,7
1829,1829,3,3
1830,1830,20,17
1831,1831,20,14
1832,1832,5,18
1833,1833,8,8
1834,1834,17,17
1835,1835,18,17
1836,1836,12,12
1837,1837,11,11
1838,1838,10,19
1839,1839,12,12
1840,1840,22,22
1841,1841,3,3
1842,1842,3,10
1843,1843,3,1
1844,1844,2,2
1845,1845,1,4
1846,1846,6,6
1847,1847,9,9
1848,1848,14,14
1849,1849,5,5
1850,1850,13,13
1851,1851,12,12
1852,1852,10,10
1853,1853,1,1
1854,1854,17,18
1855,1855,21,20
1856,1856,4,4
1857,1857,4,16
1858,1858,7,8
1859,1859,16,17
1860,1860,6,6
1861,1861,10,13
1862,1862,2,20
1863,1863,6,6
1864,1864,22,7
1865,1865,17,8
1866,1866,19,16
1867,1867,2,2
1868,1868,2,9
1869,1869,5,5
1870,1870,17,16
1871,1871,3,13
1872,1872,21,20
1873,1873,3,3
1874,1874,9,9
1875,1875,6,10
1876,1876,15,15
1877,1877,19,7
1878,1878,7,7
1879,1879,1,1
1880,1880,14,14
1881,1881,10,10
1882,1882,21,22
1883,1883,20,20
1884,1884,3,3
1885,1885,5,5
1886,1886,8,16
1887,1887,2,9
1888,1888,19,20
1889,1889,12,12
1890,1890,6,3
1891,1891,4,12
1892,1892,2,21
1893,1893,1,16
1894,1894,15,14
1895,1895,3,1
1896,1896,4,4
1897,1897,3,12
1898,1898,7,7
1899,1899,14,21
1900,1900,4,3
1901,1901,20,20
1902,1902,2,2
1903,1903,2,2
1904,1904,19,7
1905,1905,16,1
1906,1906,21,15
1907,1907,6,6
1908,1908,20,8
1909,1909,12,12
1910,1910,9,2
1911,1911,16,11
1912,1912,7,15
1913,1913,3,3
1914,1914,4,10
1915,1915,2,9
1916,1916,14,10
1917,1917,13,13
1918,1918,5,5
1919,1919,5,20
1920,1920,8,3
1921,1921,12,22
1922,1922,16,9
1923,1923,9,9
1924,1924,6,11
1925,1925,7,21
1926,1926,4,1
1927,1927,11,13
1928,1928,2,2
1929,1929,20,21
1930,1930,13,13
1931,1931,18,17
1932,1932,5,5
1933,1933,7,7
1934,1934,16,3
1935,1935,5,5
1936,1936,21,21
1937,1937,22,16
1938,1938,9,8
1939,1939,19,19
1940,1940,2,2
1941,1941,9,9
1942,1942,12,12
1943,1943,19,20
1944,1944,16,16
1945,1945,10,4
1946,1946,3,10
1947,1947,6,12
1948,1948,14,14
1949,1949,4,13
1950,1950,21,14
1951,1951,19,19
1952,1952,15,15
1953,1953,11,11
1954,1954,1,1
1955,1955,4,3
1956,1956,2,8
1957,1957,4,4
1958,1958,10,13
1959,1959,6,6
1960,1960,14,14
1961,1961,15,5
1962,1962,1,3
1963,1963,4,16
1964,1964,2,8
1965,1965,19,7
1966,1966,13,13
1967,1967,6,6
1968,1968,6,6
1969,1969,11,11
1970,1970,20,22
1971,1971,10,10
1972,1972,11,11
1973,1973,18,17
1974,1974,6,6
1975,1975,7,7
1976,1976,12,12
1977,1977,16,16
1978,1978,9,2
1979,1979,8,8
1980,1980,16,3
1981,1981,22,22
1982,1982,21,21
1983,1983,16,16
1984,1984,21,4
1985,1985,20,7
1986,1986,18,17
1987,1987,11,11
1988,1988,20,17
1989,1989,17,17
1990,1990,9,9
1991,1991,2,2
1992,1992,7,15
1993,1993,22,22
1994,1994,16,1
1995,1995,20,18
1996,1996,3,1
1997,1997,14,14
1998,1998,7,21
1999,1999,21,21
2000,2000,15,14
2001,2001,17,17
2002,2002,2,2
2003,2003,19,7
2004,2004,5,5
2005,2005,13,14
2006,2006,20,20
2007,2007,4,19
2008,2008,7,5
2009,2009,19,20
2010,2010,3,3
2011,2011,12,6
2012,2012,8,8
2013,2013,3,12
2014,2014,22,22
2015,2015,17,5
2016,2016,3,3
2017,2017,14,14
2018,2018,18,18
2019,2019,10,10
2020,2020,4,4
2021,2021,22,22
2022,2022,21,19
2023,2023,19,9
2024,2024,22,8
2025,2025,11,11
2026,2026,22,22
2027,2027,20,20
2028,2028,9,13
2029,2029,14,14
2030,2030,2,2
2031,2031,17,5
2032,2032,8,8
2033,2033,13,4
2034,2034,1,1
2035,2035,8,8
2036,2036,1,1
2037,2037,18,18
2038,2038,17,17
2039,2039,13,12
2040,2040,10,13
2041,2041,14,21
2042,2042,9,20
2043,2043,19,19
2044,2044,3,3
2045,2045,4,13
2046,2046,21,22
2047,2047,12,12
2048,2048,17,17
2049,2049,7,7
2050,2050,20,21
2051,2051,19,20
2052,2052,14,14
2053,2053,4,4
2054,2054,19,19
2055,2055,8,8
2056,2056,2,2
2057,2057,18,18
2058,2058,4,11
2059,2059,6,7
2060,2060,7,7
2061,2061,13,3
2062,2062,18,17
2063,2063,12,13
2064,2064,18,18
2065,2065,6,6
2066,2066,13,13
2067,2067,2,2
2068,2068,14,14
2069,2069,22,10
2070,2070,19,19
2071,2071,9,2
2072,2072,3,10
2073,2073,2,8
2074,2074,14,14
2075,2075,7,21
2076,2076,21,20
2077,2077,9,9
2078,2078,21,21
2079,2079,21,21
2080,2080,14,14
2081,2081,20,19
2082,2082,14,15
2083,2083,2,9
2084,2084,4,4
2085,2085,21,22
2086,2086,14,14
2087,2087,7,4
2088,2088,20,5
2089,2089,22,19
2090,2090,12,10
2091,2091,13,12
2092,2092,1,1
2093,2093,17,17
2094,2094,1,1
2095,2095,17,18
2096,2096,3,3
2097,2097,22,20
2098,2098,22,11
2099,2099,17,5
2100,2100,7,19
2101,2101,17,5
2102,2102,10,4
2103,2103,3,6
2104,2104,10,10
2105,2105,18,1
2106,2106,11,22
2107,2107,8,8
2108,2108,7,5
2109,2109,7,17
2110,2110,19,19
2111,2111,22,20
2112,2112,20,20
2113,2113,5,5
2114,2114,21,15
2115,2115,21,21
2116,2116,1,1
2117,2117,20,8
2118,2118,18,7
2119,2119,2,2
2120,2120,17,17
2121,2121,21,21
2122,2122,4,4
2123,2123,4,13
2124,2124,21,21
2125,2125,8,8
2126,2126,14,21
2127,2127,4,4
2128,2128,12,12
2129,2129,15,15
2130,2130,1,16
2131,2131,22,18
2132,2132,12,4
2133,2133,1,1
2134,2134,7,7
2135,2135,13,13
2136,2136,7,5
2137,2137,5,5
2138,2138,4,11
2139,2139,15,18
2140,2140,6,6
2141,2141,21,19
2142,2142,15,14
2143,2143,21,21
2144,2144,3,3
2145,2145,8,2
2146,2146,4,10
2147,2147,7,21
2148,2148,2,2
2149,2149,2,8
2150,2150,8,5
2151,2151,6,6
2152,2152,18,18
2153,2153,3,3
2154,2154,10,10
2155,2155,8,8
2156,2156,6,6
2157,2157,22,19
2158,2158,3,3
2159,2159,11,22
2160,2160,5,5
2161,2161,10,10
2162,2162,11,12
2163,2163,18,8
2164,2164,21,18
2165,2165,8,8
2166,2166,17,20
2167,2167,9,2
2168,2168,5,5
2169,2169,5,14
2170,2170,9,9
2171,2171,3,3
2172,2172,2,8
2173,2173,14,21
2174,2174,3,16
2175,2175,10,13
2176,2176,13,13
2177,2177,7,17
2178,2178,12,11
2179,2179,20,2
2180,2180,4,4
2181,2181,19,19
2182,2182,17,5
2183,2183,2,2
2184,2184,19,15
2185,2185,5,5
2186,2186,1,1
2187,2187,21,11
2188,2188,3,3
2189,2189,14,14
2190,2190,4,13
2191,2191,1,10
2192,2192,11,11
2193,2193,13,13
2194,2194,13,13
2195,2195,18,5
2196,2196,21,21
2197,2197,3,10
2198,2198,9,9
2199,2199,2,2
2200,2200,9,9
2201,2201,20,20
2202,2202,2,2
2203,2203,18,17
2204,2204,9,2
2205,2205,6,11
2206,2206,20,9
2207,2207,16,16
2208,2208,17,17
2209,2209,9,2
2210,2210,5,8
2211,2211,2,8
2212,2212,12,12
2213,2213,22,22
2214,2214,2,9
2215,2215,4,10
2216,2216,12,12
2217,2217,19,14
2218,2218,8,8
2219,2219,20,20
2220,2220,2,8
2221,2221,15,18
2222,2222,7,7
2223,2223,13,13
2224,2224,17,17
2225,2225,8,8
2226,2226,13,13
2227,2227,20,21
2228,2228,12,13
2229,2229,9,9
2230,2230,16,16
2231,2231,7,16
2232,2232,20,14
2233,2233,10,1
2234,2234,10,10
2235,2235,2,9
2236,2236,20,5
2237,2237,7,7
2238,2238,7,8
2239,2239,14,15
2240,2240,2,8
2241,2241,4,4
2242,2242,3,22
2243,2243,1,6
2244,2244,14,14
2245,2245,4,11
2246,2246,12,12
2247,2247,6,6
2248,2248,2,2
2249,2249,2,2
2250,2250,19,20
2251,2251,10,16
2252,2252,17,5
2253,2253,4,22
2254,2254,6,10
2255,2255,21,20
2256,2256,18,7
2257,2257,4,4
2258,2258,19,19
2259,2259,5,15
2260,2260,10,4
2261,2261,3,4
2262,2262,19,13
2263,2263,7,7
2264,2264,5,5
2265,2265,4,4
2266,2266,1,3
2267,2267,22,15
2268,2268,9,22
2269,2269,5,5
2270,2270,9,3
2271,2271,1,1
2272,2272,4,4
2273,2273,14,14
2274,2274,18,5
2275,2275,2,2
2276,2276,8,20
2277,2277,3,3
2278,2278,7,21
2279,2279,18,5
2280,2280,9,3
2281,2281,5,15
2282,2282,6,6
2283,2283,15,15
2284,2284,3,1
2285,2285,17,17
2286,2286,17,17
2287,2287,4,4
2288,2288,22,11
2289,2289,22,22
2290,2290,21,12
2291,2291,3,21
2292,2292,15,15
2293,2293,12,12
2294,2294,6,6
2295,2295,19,19
2296,2296,1,1
2297,2297,5,5
2298,2298,11,10
2299,2299,5,17
2300,2300,20,20
2301,2301,6,4
2302,2302,16,16
2303,2303,12,12
2304,2304,18,20
2305,2305,18,19
2306,2306,20,17
2307,2307,6,6
2308,2308,6,11
2309,2309,8,8
2310,2310,19,19
2311,2311,18,17
2312,2312,9,9
2313,2313,17,20
2314,2314,15,14
2315,2315,5,14
2316,2316,9,2
2317,2317,21,22
2318,2318,11,9
2319,2319,12,4
2320,2320,13,3
2321,2321,3,3
2322,2322,10,1
2323,2323,20,16
2324,2324,3,19
2325,2325,1,12
2326,2326,18,20
2327,2327,7,10
2328,2328,11,11
2329,2329,8,8
2330,2330,7,8
2331,2331,10,11
2332,2332,4,11
2333,2333,10,10
2334,2334,7,7
2335,2335,8,8
2336,2336,22,22
2337,2337,7,19
2338,2338,19,18
2339,2339,13,12
2340,2340,9,9
2341,2341,15,15
2342,2342,2,9
2343,2343,4,4
2344,2344,6,6
2345,2345,17,17
2346,2346,18,8
2347,2347,15,17
2348,2348,14,14
2349,2349,18,19
2350,2350,2,2
2351,2351,10,10
2352,2352,11,12
2353,2353,8,8
2354,2354,12,12
2355,2355,5,5
2356,2356,3,16
2357,2357,15,18
2358,2358,13,22
2359,2359,22,13
2360,2360,17,17
2361,2361,10,22
2362,2362,6,4
2363,2363,4,4
2364,2364,6,18
2365,2365,17,18
2366,2366,3,20
2367,2367,3,13
2368,2368,19,7
2369,2369,13,12
2370,2370,10,10
2371,2371,14,14
2372,2372,12,12
2373,2373,10,4
2374,2374,1,9
2375,2375,18,18
2376,2376,21,22
2377,2377,7,7
2378,2378,12,12
2379,2379,5,14
2380,2380,3,3
2381,2381,9,9
2382,2382,17,17
2383,2383,10,10
2384,2384,13,12
2385,2385,6,4
2386,2386,13,10
2387,2387,13,4
2388,2388,2,7
2389,2389,12,12
2390,2390,17,18
2391,2391,4,4
2392,2392,17,14
2393,2393,14,19
2394,2394,17,17
2395,2395,9,9
2396,2396,15,21
2397,2397,12,3
2398,2398,16,16
2399,2399,15,15
2400,2400,2,8
2401,2401,21,14
2402,2402,12,14
2403,2403,2,9
2404,2404,15,19
2405,2405,7,7
2406,2406,17,7
2407,2407,18,18
2408,2408,16,16
2409,2409,3,11
2410,2410,20,20
2411,2411,14,14
2412,2412,18,19
2413,2413,12,13
2414,2414,21,21
2415,2415,22,6
2416,2416,4,4
2417,2417,4,6
2418,2418,15,14
2419,2419,3,3
2420,2420,1,1
2421,2421,4,12
2422,2422,21,14
2423,2423,22,16
2424,2424,14,14
2425,2425,9,9
2426,2426,16,16
2427,2427,3,1
2428,2428,12,12
2429,2429,15,15
2430,2430,9,9
2431,2431,13,13
2432,2432,10,22
2433,2433,10,10
2434,2434,6,3
2435,2435,8,8
2436,2436,21,21
2437,2437,12,4
2438,2438,17,5
2439,2439,6,11
2440,2440,2,2
2441,2441,18,17
2442,2442,7,5
2443,2443,12,10
2444,2444,3,3
2445,2445,1,1
2446,2446,9,9
2447,2447,15,14
2448,2448,1,3
2449,2449,3,3
2450,2450,7,7
2451,2451,16,16
2452,2452,21,19
2453,2453,14,14
2454,2454,3,22
2455,2455,21,11
2456,2456,14,20
2457,2457,13,13
2458,2458,6,4
2459,2459,2,2
2460,2460,17,18
2461,2461,3,10
2462,2462,22,10
2463,2463,22,22
2464,2464,16,16
2465,2465,4,12
2466,2466,1,11
2467,2467,4,6
2468,2468,1,3
2469,2469,16,16
2470,2470,20,15
2471,2471,12,11
2472,2472,17,17
2473,2473,1,16
2474,2474,13,6
2475,2475,9,2
2476,2476,17,17
2477,2477,17,18
2478,2478,17,17
2479,2479,20,20
2480,2480,14,14
2481,2481,11,12
2482,2482,18,18
2483,2483,13,13
2484,2484,16,16
2485,2485,8,9
2486,2486,17,18
2487,2487,9,20
2488,2488,6,4
2489,2489,3,3
2490,2490,9,9
2491,2491,21,21
2492,2492,15,15
2493,2493,14,14
2494,2494,22,22
2495,2495,12,12
2496,2496,1,3
2497,2497,14,20
2498,2498,13,12
2499,2499,21,21
2500,2500,12,13
